group,round,player,choice,attendance,score,ac_score
Grupo-0001,1,405186428721292,0,1,0,25
Grupo-0001,1,728608683559397,1,1,1,25
Grupo-0001,2,405186428721292,1,1,1,25
Grupo-0001,2,728608683559397,0,1,0,25
Grupo-0001,3,405186428721292,0,1,0,25
Grupo-0001,3,728608683559397,1,1,1,25
Grupo-0001,4,405186428721292,1,1,1,25
Grupo-0001,4,728608683559397,0,1,0,25
Grupo-0001,5,405186428721292,0,1,0,25
Grupo-0001,5,728608683559397,1,1,1,25
Grupo-0001,6,405186428721292,1,1,1,25
Grupo-0001,6,728608683559397,0,1,0,25
Grupo-0001,7,405186428721292,0,1,0,25
Grupo-0001,7,728608683559397,1,1,1,25
Grupo-0001,8,405186428721292,1,1,1,25
Grupo-0001,8,728608683559397,0,1,0,25
Grupo-0001,9,728608683559397,1,1,1,25
Grupo-0001,9,405186428721292,0,1,0,25
Grupo-0001,10,728608683559397,0,1,0,25
Grupo-0001,10,405186428721292,1,1,1,25
Grupo-0001,11,728608683559397,1,1,1,25
Grupo-0001,11,405186428721292,0,1,0,25
Grupo-0001,12,728608683559397,0,1,0,25
Grupo-0001,12,405186428721292,1,1,1,25
Grupo-0001,13,405186428721292,0,1,0,25
Grupo-0001,13,728608683559397,1,1,1,25
Grupo-0001,14,405186428721292,1,1,1,25
Grupo-0001,14,728608683559397,0,1,0,25
Grupo-0001,15,405186428721292,0,1,0,25
Grupo-0001,15,728608683559397,1,1,1,25
Grupo-0001,16,405186428721292,1,1,1,25
Grupo-0001,16,728608683559397,0,1,0,25
Grupo-0001,17,728608683559397,1,1,1,25
Grupo-0001,17,405186428721292,0,1,0,25
Grupo-0001,18,728608683559397,0,1,0,25
Grupo-0001,18,405186428721292,1,1,1,25
Grupo-0001,19,728608683559397,1,1,1,25
Grupo-0001,19,405186428721292,0,1,0,25
Grupo-0001,20,728608683559397,0,1,0,25
Grupo-0001,20,405186428721292,1,1,1,25
Grupo-0001,21,728608683559397,1,1,1,25
Grupo-0001,21,405186428721292,0,1,0,25
Grupo-0001,22,728608683559397,0,1,0,25
Grupo-0001,22,405186428721292,1,1,1,25
Grupo-0001,23,728608683559397,1,1,1,25
Grupo-0001,23,405186428721292,0,1,0,25
Grupo-0001,24,405186428721292,1,1,1,25
Grupo-0001,24,728608683559397,0,1,0,25
Grupo-0001,25,728608683559397,1,1,1,25
Grupo-0001,25,405186428721292,0,1,0,25
Grupo-0001,26,728608683559397,0,1,0,25
Grupo-0001,26,405186428721292,1,1,1,25
Grupo-0001,27,728608683559397,1,1,1,25
Grupo-0001,27,405186428721292,0,1,0,25
Grupo-0001,28,405186428721292,1,1,1,25
Grupo-0001,28,728608683559397,0,1,0,25
Grupo-0001,29,405186428721292,0,1,0,25
Grupo-0001,29,728608683559397,1,1,1,25
Grupo-0001,30,728608683559397,0,1,0,25
Grupo-0001,30,405186428721292,1,1,1,25
Grupo-0001,31,728608683559397,1,1,1,25
Grupo-0001,31,405186428721292,0,1,0,25
Grupo-0001,32,405186428721292,1,1,1,25
Grupo-0001,32,728608683559397,0,1,0,25
Grupo-0001,33,405186428721292,0,1,0,25
Grupo-0001,33,728608683559397,1,1,1,25
Grupo-0001,34,728608683559397,0,1,0,25
Grupo-0001,34,405186428721292,1,1,1,25
Grupo-0001,35,728608683559397,1,1,1,25
Grupo-0001,35,405186428721292,0,1,0,25
Grupo-0001,36,728608683559397,0,1,0,25
Grupo-0001,36,405186428721292,1,1,1,25
Grupo-0001,37,728608683559397,1,1,1,25
Grupo-0001,37,405186428721292,0,1,0,25
Grupo-0001,38,728608683559397,0,1,0,25
Grupo-0001,38,405186428721292,1,1,1,25
Grupo-0001,39,728608683559397,1,1,1,25
Grupo-0001,39,405186428721292,0,1,0,25
Grupo-0001,40,728608683559397,0,1,0,25
Grupo-0001,40,405186428721292,1,1,1,25
Grupo-0001,41,728608683559397,1,1,1,25
Grupo-0001,41,405186428721292,0,1,0,25
Grupo-0001,42,728608683559397,0,1,0,25
Grupo-0001,42,405186428721292,1,1,1,25
Grupo-0001,43,728608683559397,1,1,1,25
Grupo-0001,43,405186428721292,0,1,0,25
Grupo-0001,44,728608683559397,0,1,0,25
Grupo-0001,44,405186428721292,1,1,1,25
Grupo-0001,45,728608683559397,1,1,1,25
Grupo-0001,45,405186428721292,0,1,0,25
Grupo-0001,46,728608683559397,0,1,0,25
Grupo-0001,46,405186428721292,1,1,1,25
Grupo-0001,47,405186428721292,0,1,0,25
Grupo-0001,47,728608683559397,1,1,1,25
Grupo-0001,48,728608683559397,0,1,0,25
Grupo-0001,48,405186428721292,1,1,1,25
Grupo-0001,49,728608683559397,1,1,1,25
Grupo-0001,49,405186428721292,0,1,0,25
Grupo-0001,50,405186428721292,1,1,1,25
Grupo-0001,50,728608683559397,0,1,0,25
Grupo-0002,1,481217814270509,1,1,1,4
Grupo-0002,1,752616835913204,0,1,0,-6
Grupo-0002,2,752616835913204,1,2,-1,-6
Grupo-0002,2,481217814270509,1,2,-1,4
Grupo-0002,3,481217814270509,0,1,0,4
Grupo-0002,3,752616835913204,1,1,1,-6
Grupo-0002,4,752616835913204,0,0,0,-6
Grupo-0002,4,481217814270509,0,0,0,4
Grupo-0002,5,752616835913204,1,1,1,-6
Grupo-0002,5,481217814270509,0,1,0,4
Grupo-0002,6,481217814270509,1,1,1,4
Grupo-0002,6,752616835913204,0,1,0,-6
Grupo-0002,7,481217814270509,1,2,-1,4
Grupo-0002,7,752616835913204,1,2,-1,-6
Grupo-0002,8,752616835913204,0,1,0,-6
Grupo-0002,8,481217814270509,1,1,1,4
Grupo-0002,9,752616835913204,1,2,-1,-6
Grupo-0002,9,481217814270509,1,2,-1,4
Grupo-0002,10,481217814270509,1,2,-1,4
Grupo-0002,10,752616835913204,1,2,-1,-6
Grupo-0002,11,752616835913204,0,0,0,-6
Grupo-0002,11,481217814270509,0,0,0,4
Grupo-0002,12,481217814270509,1,2,-1,4
Grupo-0002,12,752616835913204,1,2,-1,-6
Grupo-0002,13,481217814270509,1,2,-1,4
Grupo-0002,13,752616835913204,1,2,-1,-6
Grupo-0002,14,481217814270509,0,0,0,4
Grupo-0002,14,752616835913204,0,0,0,-6
Grupo-0002,15,752616835913204,1,1,1,-6
Grupo-0002,15,481217814270509,0,1,0,4
Grupo-0002,16,752616835913204,0,0,0,-6
Grupo-0002,16,481217814270509,0,0,0,4
Grupo-0002,17,752616835913204,0,0,0,-6
Grupo-0002,17,481217814270509,0,0,0,4
Grupo-0002,18,752616835913204,1,1,1,-6
Grupo-0002,18,481217814270509,0,1,0,4
Grupo-0002,19,752616835913204,1,2,-1,-6
Grupo-0002,19,481217814270509,1,2,-1,4
Grupo-0002,20,752616835913204,0,1,0,-6
Grupo-0002,20,481217814270509,1,1,1,4
Grupo-0002,21,752616835913204,0,1,0,-6
Grupo-0002,21,481217814270509,1,1,1,4
Grupo-0002,22,752616835913204,1,2,-1,-6
Grupo-0002,22,481217814270509,1,2,-1,4
Grupo-0002,23,752616835913204,0,0,0,-6
Grupo-0002,23,481217814270509,0,0,0,4
Grupo-0002,24,752616835913204,1,1,1,-6
Grupo-0002,24,481217814270509,0,1,0,4
Grupo-0002,25,752616835913204,1,2,-1,-6
Grupo-0002,25,481217814270509,1,2,-1,4
Grupo-0002,26,752616835913204,1,1,1,-6
Grupo-0002,26,481217814270509,0,1,0,4
Grupo-0002,27,752616835913204,1,2,-1,-6
Grupo-0002,27,481217814270509,1,2,-1,4
Grupo-0002,28,481217814270509,0,1,0,4
Grupo-0002,28,752616835913204,1,1,1,-6
Grupo-0002,29,752616835913204,0,0,0,-6
Grupo-0002,29,481217814270509,0,0,0,4
Grupo-0002,30,752616835913204,1,2,-1,-6
Grupo-0002,30,481217814270509,1,2,-1,4
Grupo-0002,31,752616835913204,0,1,0,-6
Grupo-0002,31,481217814270509,1,1,1,4
Grupo-0002,32,481217814270509,1,2,-1,4
Grupo-0002,32,752616835913204,1,2,-1,-6
Grupo-0002,33,752616835913204,0,1,0,-6
Grupo-0002,33,481217814270509,1,1,1,4
Grupo-0002,34,752616835913204,0,1,0,-6
Grupo-0002,34,481217814270509,1,1,1,4
Grupo-0002,35,752616835913204,0,1,0,-6
Grupo-0002,35,481217814270509,1,1,1,4
Grupo-0002,36,752616835913204,0,1,0,-6
Grupo-0002,36,481217814270509,1,1,1,4
Grupo-0002,37,752616835913204,0,1,0,-6
Grupo-0002,37,481217814270509,1,1,1,4
Grupo-0002,38,752616835913204,0,1,0,-6
Grupo-0002,38,481217814270509,1,1,1,4
Grupo-0002,39,752616835913204,0,0,0,-6
Grupo-0002,39,481217814270509,0,0,0,4
Grupo-0002,40,752616835913204,1,2,-1,-6
Grupo-0002,40,481217814270509,1,2,-1,4
Grupo-0002,41,752616835913204,0,1,0,-6
Grupo-0002,41,481217814270509,1,1,1,4
Grupo-0002,42,752616835913204,0,1,0,-6
Grupo-0002,42,481217814270509,1,1,1,4
Grupo-0002,43,752616835913204,0,1,0,-6
Grupo-0002,43,481217814270509,1,1,1,4
Grupo-0002,44,752616835913204,0,1,0,-6
Grupo-0002,44,481217814270509,1,1,1,4
Grupo-0002,45,481217814270509,1,1,1,4
Grupo-0002,45,752616835913204,0,1,0,-6
Grupo-0002,46,481217814270509,1,1,1,4
Grupo-0002,46,752616835913204,0,1,0,-6
Grupo-0002,47,752616835913204,1,2,-1,-6
Grupo-0002,47,481217814270509,1,2,-1,4
Grupo-0002,48,752616835913204,0,0,0,-6
Grupo-0002,48,481217814270509,0,0,0,4
Grupo-0002,49,752616835913204,1,1,1,-6
Grupo-0002,49,481217814270509,0,1,0,4
Grupo-0002,50,752616835913204,0,0,0,-6
Grupo-0002,50,481217814270509,0,0,0,4
Grupo-0003,1,592871351770528,0,1,0,26
Grupo-0003,1,193508520589663,1,1,1,-9
Grupo-0003,2,592871351770528,1,2,-1,26
Grupo-0003,2,193508520589663,1,2,-1,-9
Grupo-0003,3,592871351770528,1,1,1,26
Grupo-0003,3,193508520589663,0,1,0,-9
Grupo-0003,4,592871351770528,0,1,0,26
Grupo-0003,4,193508520589663,1,1,1,-9
Grupo-0003,5,193508520589663,1,2,-1,-9
Grupo-0003,5,592871351770528,1,2,-1,26
Grupo-0003,6,193508520589663,0,1,0,-9
Grupo-0003,6,592871351770528,1,1,1,26
Grupo-0003,7,592871351770528,1,2,-1,26
Grupo-0003,7,193508520589663,1,2,-1,-9
Grupo-0003,8,592871351770528,1,1,1,26
Grupo-0003,8,193508520589663,0,1,0,-9
Grupo-0003,9,592871351770528,1,1,1,26
Grupo-0003,9,193508520589663,0,1,0,-9
Grupo-0003,10,592871351770528,1,2,-1,26
Grupo-0003,10,193508520589663,1,2,-1,-9
Grupo-0003,11,592871351770528,1,1,1,26
Grupo-0003,11,193508520589663,0,1,0,-9
Grupo-0003,12,592871351770528,1,1,1,26
Grupo-0003,12,193508520589663,0,1,0,-9
Grupo-0003,13,193508520589663,1,2,-1,-9
Grupo-0003,13,592871351770528,1,2,-1,26
Grupo-0003,14,193508520589663,0,1,0,-9
Grupo-0003,14,592871351770528,1,1,1,26
Grupo-0003,15,193508520589663,0,1,0,-9
Grupo-0003,15,592871351770528,1,1,1,26
Grupo-0003,16,193508520589663,0,1,0,-9
Grupo-0003,16,592871351770528,1,1,1,26
Grupo-0003,17,592871351770528,1,1,1,26
Grupo-0003,17,193508520589663,0,1,0,-9
Grupo-0003,18,592871351770528,1,2,-1,26
Grupo-0003,18,193508520589663,1,2,-1,-9
Grupo-0003,19,592871351770528,1,1,1,26
Grupo-0003,19,193508520589663,0,1,0,-9
Grupo-0003,20,193508520589663,0,1,0,-9
Grupo-0003,20,592871351770528,1,1,1,26
Grupo-0003,21,592871351770528,1,1,1,26
Grupo-0003,21,193508520589663,0,1,0,-9
Grupo-0003,22,193508520589663,1,2,-1,-9
Grupo-0003,22,592871351770528,1,2,-1,26
Grupo-0003,23,193508520589663,0,1,0,-9
Grupo-0003,23,592871351770528,1,1,1,26
Grupo-0003,24,592871351770528,1,1,1,26
Grupo-0003,24,193508520589663,0,1,0,-9
Grupo-0003,25,592871351770528,1,1,1,26
Grupo-0003,25,193508520589663,0,1,0,-9
Grupo-0003,26,592871351770528,1,1,1,26
Grupo-0003,26,193508520589663,0,1,0,-9
Grupo-0003,27,592871351770528,1,2,-1,26
Grupo-0003,27,193508520589663,1,2,-1,-9
Grupo-0003,28,193508520589663,0,1,0,-9
Grupo-0003,28,592871351770528,1,1,1,26
Grupo-0003,29,592871351770528,1,2,-1,26
Grupo-0003,29,193508520589663,1,2,-1,-9
Grupo-0003,30,193508520589663,0,1,0,-9
Grupo-0003,30,592871351770528,1,1,1,26
Grupo-0003,31,592871351770528,1,1,1,26
Grupo-0003,31,193508520589663,0,1,0,-9
Grupo-0003,32,592871351770528,1,2,-1,26
Grupo-0003,32,193508520589663,1,2,-1,-9
Grupo-0003,33,592871351770528,1,1,1,26
Grupo-0003,33,193508520589663,0,1,0,-9
Grupo-0003,34,592871351770528,1,1,1,26
Grupo-0003,34,193508520589663,0,1,0,-9
Grupo-0003,35,592871351770528,1,1,1,26
Grupo-0003,35,193508520589663,0,1,0,-9
Grupo-0003,36,193508520589663,0,1,0,-9
Grupo-0003,36,592871351770528,1,1,1,26
Grupo-0003,37,193508520589663,0,1,0,-9
Grupo-0003,37,592871351770528,1,1,1,26
Grupo-0003,38,193508520589663,0,1,0,-9
Grupo-0003,38,592871351770528,1,1,1,26
Grupo-0003,39,592871351770528,1,1,1,26
Grupo-0003,39,193508520589663,0,1,0,-9
Grupo-0003,40,592871351770528,1,1,1,26
Grupo-0003,40,193508520589663,0,1,0,-9
Grupo-0003,41,592871351770528,1,1,1,26
Grupo-0003,41,193508520589663,0,1,0,-9
Grupo-0003,42,592871351770528,1,1,1,26
Grupo-0003,42,193508520589663,0,1,0,-9
Grupo-0003,43,592871351770528,1,1,1,26
Grupo-0003,43,193508520589663,0,1,0,-9
Grupo-0003,44,592871351770528,1,1,1,26
Grupo-0003,44,193508520589663,0,1,0,-9
Grupo-0003,45,592871351770528,1,1,1,26
Grupo-0003,45,193508520589663,0,1,0,-9
Grupo-0003,46,592871351770528,1,1,1,26
Grupo-0003,46,193508520589663,0,1,0,-9
Grupo-0003,47,592871351770528,1,1,1,26
Grupo-0003,47,193508520589663,0,1,0,-9
Grupo-0003,48,193508520589663,0,1,0,-9
Grupo-0003,48,592871351770528,1,1,1,26
Grupo-0003,49,193508520589663,0,1,0,-9
Grupo-0003,49,592871351770528,1,1,1,26
Grupo-0003,50,193508520589663,1,2,-1,-9
Grupo-0003,50,592871351770528,1,2,-1,26
Grupo-0004,1,586715482734049,0,1,0,-16
Grupo-0004,1,60665347009372,1,1,1,-1
Grupo-0004,2,586715482734049,1,2,-1,-16
Grupo-0004,2,60665347009372,1,2,-1,-1
Grupo-0004,3,586715482734049,1,1,1,-16
Grupo-0004,3,60665347009372,0,1,0,-1
Grupo-0004,4,586715482734049,1,2,-1,-16
Grupo-0004,4,60665347009372,1,2,-1,-1
Grupo-0004,5,60665347009372,1,2,-1,-1
Grupo-0004,5,586715482734049,1,2,-1,-16
Grupo-0004,6,586715482734049,1,2,-1,-16
Grupo-0004,6,60665347009372,1,2,-1,-1
Grupo-0004,7,586715482734049,1,2,-1,-16
Grupo-0004,7,60665347009372,1,2,-1,-1
Grupo-0004,8,60665347009372,0,1,0,-1
Grupo-0004,8,586715482734049,1,1,1,-16
Grupo-0004,9,60665347009372,1,2,-1,-1
Grupo-0004,9,586715482734049,1,2,-1,-16
Grupo-0004,10,60665347009372,0,1,0,-1
Grupo-0004,10,586715482734049,1,1,1,-16
Grupo-0004,11,60665347009372,1,2,-1,-1
Grupo-0004,11,586715482734049,1,2,-1,-16
Grupo-0004,12,586715482734049,1,2,-1,-16
Grupo-0004,12,60665347009372,1,2,-1,-1
Grupo-0004,13,60665347009372,1,2,-1,-1
Grupo-0004,13,586715482734049,1,2,-1,-16
Grupo-0004,14,586715482734049,0,1,0,-16
Grupo-0004,14,60665347009372,1,1,1,-1
Grupo-0004,15,586715482734049,0,0,0,-16
Grupo-0004,15,60665347009372,0,0,0,-1
Grupo-0004,16,60665347009372,1,1,1,-1
Grupo-0004,16,586715482734049,0,1,0,-16
Grupo-0004,17,586715482734049,1,2,-1,-16
Grupo-0004,17,60665347009372,1,2,-1,-1
Grupo-0004,18,60665347009372,1,2,-1,-1
Grupo-0004,18,586715482734049,1,2,-1,-16
Grupo-0004,19,60665347009372,0,1,0,-1
Grupo-0004,19,586715482734049,1,1,1,-16
Grupo-0004,20,60665347009372,1,2,-1,-1
Grupo-0004,20,586715482734049,1,2,-1,-16
Grupo-0004,21,60665347009372,1,2,-1,-1
Grupo-0004,21,586715482734049,1,2,-1,-16
Grupo-0004,22,60665347009372,1,2,-1,-1
Grupo-0004,22,586715482734049,1,2,-1,-16
Grupo-0004,23,60665347009372,1,2,-1,-1
Grupo-0004,23,586715482734049,1,2,-1,-16
Grupo-0004,24,60665347009372,1,2,-1,-1
Grupo-0004,24,586715482734049,1,2,-1,-16
Grupo-0004,25,60665347009372,1,1,1,-1
Grupo-0004,25,586715482734049,0,1,0,-16
Grupo-0004,26,60665347009372,1,1,1,-1
Grupo-0004,26,586715482734049,0,1,0,-16
Grupo-0004,27,60665347009372,1,1,1,-1
Grupo-0004,27,586715482734049,0,1,0,-16
Grupo-0004,28,60665347009372,1,2,-1,-1
Grupo-0004,28,586715482734049,1,2,-1,-16
Grupo-0004,29,60665347009372,0,0,0,-1
Grupo-0004,29,586715482734049,0,0,0,-16
Grupo-0004,30,586715482734049,0,1,0,-16
Grupo-0004,30,60665347009372,1,1,1,-1
Grupo-0004,31,60665347009372,1,1,1,-1
Grupo-0004,31,586715482734049,0,1,0,-16
Grupo-0004,32,60665347009372,1,1,1,-1
Grupo-0004,32,586715482734049,0,1,0,-16
Grupo-0004,33,60665347009372,1,2,-1,-1
Grupo-0004,33,586715482734049,1,2,-1,-16
Grupo-0004,34,60665347009372,0,0,0,-1
Grupo-0004,34,586715482734049,0,0,0,-16
Grupo-0004,35,60665347009372,1,1,1,-1
Grupo-0004,35,586715482734049,0,1,0,-16
Grupo-0004,36,60665347009372,1,1,1,-1
Grupo-0004,36,586715482734049,0,1,0,-16
Grupo-0004,37,60665347009372,1,1,1,-1
Grupo-0004,37,586715482734049,0,1,0,-16
Grupo-0004,38,60665347009372,1,1,1,-1
Grupo-0004,38,586715482734049,0,1,0,-16
Grupo-0004,39,60665347009372,1,1,1,-1
Grupo-0004,39,586715482734049,0,1,0,-16
Grupo-0004,40,586715482734049,1,2,-1,-16
Grupo-0004,40,60665347009372,1,2,-1,-1
Grupo-0004,41,60665347009372,1,1,1,-1
Grupo-0004,41,586715482734049,0,1,0,-16
Grupo-0004,42,60665347009372,1,1,1,-1
Grupo-0004,42,586715482734049,0,1,0,-16
Grupo-0004,43,60665347009372,1,1,1,-1
Grupo-0004,43,586715482734049,0,1,0,-16
Grupo-0004,44,60665347009372,1,1,1,-1
Grupo-0004,44,586715482734049,0,1,0,-16
Grupo-0004,45,60665347009372,1,2,-1,-1
Grupo-0004,45,586715482734049,1,2,-1,-16
Grupo-0004,46,60665347009372,1,2,-1,-1
Grupo-0004,46,586715482734049,1,2,-1,-16
Grupo-0004,47,586715482734049,1,1,1,-16
Grupo-0004,47,60665347009372,0,1,0,-1
Grupo-0004,48,60665347009372,1,1,1,-1
Grupo-0004,48,586715482734049,0,1,0,-16
Grupo-0004,49,586715482734049,0,0,0,-16
Grupo-0004,49,60665347009372,0,0,0,-1
Grupo-0004,50,586715482734049,0,1,0,-16
Grupo-0004,50,60665347009372,1,1,1,-1
Grupo-0005,1,497799619429244,1,2,-1,10
Grupo-0005,1,117165631034112,1,2,-1,9
Grupo-0005,2,497799619429244,1,1,1,10
Grupo-0005,2,117165631034112,0,1,0,9
Grupo-0005,3,117165631034112,1,2,-1,9
Grupo-0005,3,497799619429244,1,2,-1,10
Grupo-0005,4,117165631034112,1,1,1,9
Grupo-0005,4,497799619429244,0,1,0,10
Grupo-0005,5,117165631034112,1,2,-1,9
Grupo-0005,5,497799619429244,1,2,-1,10
Grupo-0005,6,497799619429244,1,2,-1,10
Grupo-0005,6,117165631034112,1,2,-1,9
Grupo-0005,7,497799619429244,0,1,0,10
Grupo-0005,7,117165631034112,1,1,1,9
Grupo-0005,8,497799619429244,1,2,-1,10
Grupo-0005,8,117165631034112,1,2,-1,9
Grupo-0005,9,497799619429244,1,2,-1,10
Grupo-0005,9,117165631034112,1,2,-1,9
Grupo-0005,10,117165631034112,1,2,-1,9
Grupo-0005,10,497799619429244,1,2,-1,10
Grupo-0005,11,497799619429244,0,0,0,10
Grupo-0005,11,117165631034112,0,0,0,9
Grupo-0005,12,497799619429244,1,1,1,10
Grupo-0005,12,117165631034112,0,1,0,9
Grupo-0005,13,497799619429244,1,2,-1,10
Grupo-0005,13,117165631034112,1,2,-1,9
Grupo-0005,14,497799619429244,1,1,1,10
Grupo-0005,14,117165631034112,0,1,0,9
Grupo-0005,15,497799619429244,1,2,-1,10
Grupo-0005,15,117165631034112,1,2,-1,9
Grupo-0005,16,497799619429244,1,2,-1,10
Grupo-0005,16,117165631034112,1,2,-1,9
Grupo-0005,17,497799619429244,1,1,1,10
Grupo-0005,17,117165631034112,0,1,0,9
Grupo-0005,18,497799619429244,0,1,0,10
Grupo-0005,18,117165631034112,1,1,1,9
Grupo-0005,19,497799619429244,1,1,1,10
Grupo-0005,19,117165631034112,0,1,0,9
Grupo-0005,20,497799619429244,0,1,0,10
Grupo-0005,20,117165631034112,1,1,1,9
Grupo-0005,21,497799619429244,1,1,1,10
Grupo-0005,21,117165631034112,0,1,0,9
Grupo-0005,22,497799619429244,0,1,0,10
Grupo-0005,22,117165631034112,1,1,1,9
Grupo-0005,23,497799619429244,1,1,1,10
Grupo-0005,23,117165631034112,0,1,0,9
Grupo-0005,24,497799619429244,0,1,0,10
Grupo-0005,24,117165631034112,1,1,1,9
Grupo-0005,25,497799619429244,1,1,1,10
Grupo-0005,25,117165631034112,0,1,0,9
Grupo-0005,26,497799619429244,0,1,0,10
Grupo-0005,26,117165631034112,1,1,1,9
Grupo-0005,27,497799619429244,1,1,1,10
Grupo-0005,27,117165631034112,0,1,0,9
Grupo-0005,28,497799619429244,0,1,0,10
Grupo-0005,28,117165631034112,1,1,1,9
Grupo-0005,29,117165631034112,0,1,0,9
Grupo-0005,29,497799619429244,1,1,1,10
Grupo-0005,30,497799619429244,0,1,0,10
Grupo-0005,30,117165631034112,1,1,1,9
Grupo-0005,31,117165631034112,0,1,0,9
Grupo-0005,31,497799619429244,1,1,1,10
Grupo-0005,32,117165631034112,1,1,1,9
Grupo-0005,32,497799619429244,0,1,0,10
Grupo-0005,33,117165631034112,0,1,0,9
Grupo-0005,33,497799619429244,1,1,1,10
Grupo-0005,34,497799619429244,0,1,0,10
Grupo-0005,34,117165631034112,1,1,1,9
Grupo-0005,35,497799619429244,1,1,1,10
Grupo-0005,35,117165631034112,0,1,0,9
Grupo-0005,36,497799619429244,0,1,0,10
Grupo-0005,36,117165631034112,1,1,1,9
Grupo-0005,37,497799619429244,1,1,1,10
Grupo-0005,37,117165631034112,0,1,0,9
Grupo-0005,38,497799619429244,0,1,0,10
Grupo-0005,38,117165631034112,1,1,1,9
Grupo-0005,39,497799619429244,1,1,1,10
Grupo-0005,39,117165631034112,0,1,0,9
Grupo-0005,40,497799619429244,0,1,0,10
Grupo-0005,40,117165631034112,1,1,1,9
Grupo-0005,41,497799619429244,1,1,1,10
Grupo-0005,41,117165631034112,0,1,0,9
Grupo-0005,42,497799619429244,0,1,0,10
Grupo-0005,42,117165631034112,1,1,1,9
Grupo-0005,43,497799619429244,1,1,1,10
Grupo-0005,43,117165631034112,0,1,0,9
Grupo-0005,44,497799619429244,0,1,0,10
Grupo-0005,44,117165631034112,1,1,1,9
Grupo-0005,45,497799619429244,1,1,1,10
Grupo-0005,45,117165631034112,0,1,0,9
Grupo-0005,46,497799619429244,0,1,0,10
Grupo-0005,46,117165631034112,1,1,1,9
Grupo-0005,47,497799619429244,1,1,1,10
Grupo-0005,47,117165631034112,0,1,0,9
Grupo-0005,48,497799619429244,0,1,0,10
Grupo-0005,48,117165631034112,1,1,1,9
Grupo-0005,49,497799619429244,1,1,1,10
Grupo-0005,49,117165631034112,0,1,0,9
Grupo-0005,50,117165631034112,1,1,1,9
Grupo-0005,50,497799619429244,0,1,0,10
Grupo-0006,1,899884536554788,1,1,1,25
Grupo-0006,1,642012059563901,0,1,0,25
Grupo-0006,2,642012059563901,1,1,1,25
Grupo-0006,2,899884536554788,0,1,0,25
Grupo-0006,3,642012059563901,0,1,0,25
Grupo-0006,3,899884536554788,1,1,1,25
Grupo-0006,4,899884536554788,0,1,0,25
Grupo-0006,4,642012059563901,1,1,1,25
Grupo-0006,5,899884536554788,1,1,1,25
Grupo-0006,5,642012059563901,0,1,0,25
Grupo-0006,6,899884536554788,0,1,0,25
Grupo-0006,6,642012059563901,1,1,1,25
Grupo-0006,7,899884536554788,1,1,1,25
Grupo-0006,7,642012059563901,0,1,0,25
Grupo-0006,8,899884536554788,0,1,0,25
Grupo-0006,8,642012059563901,1,1,1,25
Grupo-0006,9,899884536554788,1,1,1,25
Grupo-0006,9,642012059563901,0,1,0,25
Grupo-0006,10,899884536554788,0,1,0,25
Grupo-0006,10,642012059563901,1,1,1,25
Grupo-0006,11,899884536554788,1,1,1,25
Grupo-0006,11,642012059563901,0,1,0,25
Grupo-0006,12,899884536554788,0,1,0,25
Grupo-0006,12,642012059563901,1,1,1,25
Grupo-0006,13,899884536554788,1,1,1,25
Grupo-0006,13,642012059563901,0,1,0,25
Grupo-0006,14,899884536554788,0,1,0,25
Grupo-0006,14,642012059563901,1,1,1,25
Grupo-0006,15,899884536554788,1,1,1,25
Grupo-0006,15,642012059563901,0,1,0,25
Grupo-0006,16,899884536554788,0,1,0,25
Grupo-0006,16,642012059563901,1,1,1,25
Grupo-0006,17,899884536554788,1,1,1,25
Grupo-0006,17,642012059563901,0,1,0,25
Grupo-0006,18,899884536554788,0,1,0,25
Grupo-0006,18,642012059563901,1,1,1,25
Grupo-0006,19,899884536554788,1,1,1,25
Grupo-0006,19,642012059563901,0,1,0,25
Grupo-0006,20,899884536554788,0,1,0,25
Grupo-0006,20,642012059563901,1,1,1,25
Grupo-0006,21,899884536554788,1,1,1,25
Grupo-0006,21,642012059563901,0,1,0,25
Grupo-0006,22,899884536554788,0,1,0,25
Grupo-0006,22,642012059563901,1,1,1,25
Grupo-0006,23,899884536554788,1,1,1,25
Grupo-0006,23,642012059563901,0,1,0,25
Grupo-0006,24,899884536554788,0,1,0,25
Grupo-0006,24,642012059563901,1,1,1,25
Grupo-0006,25,899884536554788,1,1,1,25
Grupo-0006,25,642012059563901,0,1,0,25
Grupo-0006,26,899884536554788,0,1,0,25
Grupo-0006,26,642012059563901,1,1,1,25
Grupo-0006,27,899884536554788,1,1,1,25
Grupo-0006,27,642012059563901,0,1,0,25
Grupo-0006,28,899884536554788,0,1,0,25
Grupo-0006,28,642012059563901,1,1,1,25
Grupo-0006,29,899884536554788,1,1,1,25
Grupo-0006,29,642012059563901,0,1,0,25
Grupo-0006,30,899884536554788,0,1,0,25
Grupo-0006,30,642012059563901,1,1,1,25
Grupo-0006,31,899884536554788,1,1,1,25
Grupo-0006,31,642012059563901,0,1,0,25
Grupo-0006,32,899884536554788,0,1,0,25
Grupo-0006,32,642012059563901,1,1,1,25
Grupo-0006,33,899884536554788,1,1,1,25
Grupo-0006,33,642012059563901,0,1,0,25
Grupo-0006,34,899884536554788,0,1,0,25
Grupo-0006,34,642012059563901,1,1,1,25
Grupo-0006,35,899884536554788,1,1,1,25
Grupo-0006,35,642012059563901,0,1,0,25
Grupo-0006,36,899884536554788,0,1,0,25
Grupo-0006,36,642012059563901,1,1,1,25
Grupo-0006,37,899884536554788,1,1,1,25
Grupo-0006,37,642012059563901,0,1,0,25
Grupo-0006,38,899884536554788,0,1,0,25
Grupo-0006,38,642012059563901,1,1,1,25
Grupo-0006,39,899884536554788,1,1,1,25
Grupo-0006,39,642012059563901,0,1,0,25
Grupo-0006,40,899884536554788,0,1,0,25
Grupo-0006,40,642012059563901,1,1,1,25
Grupo-0006,41,899884536554788,1,1,1,25
Grupo-0006,41,642012059563901,0,1,0,25
Grupo-0006,42,899884536554788,0,1,0,25
Grupo-0006,42,642012059563901,1,1,1,25
Grupo-0006,43,899884536554788,1,1,1,25
Grupo-0006,43,642012059563901,0,1,0,25
Grupo-0006,44,899884536554788,0,1,0,25
Grupo-0006,44,642012059563901,1,1,1,25
Grupo-0006,45,899884536554788,1,1,1,25
Grupo-0006,45,642012059563901,0,1,0,25
Grupo-0006,46,899884536554788,0,1,0,25
Grupo-0006,46,642012059563901,1,1,1,25
Grupo-0006,47,899884536554788,1,1,1,25
Grupo-0006,47,642012059563901,0,1,0,25
Grupo-0006,48,899884536554788,0,1,0,25
Grupo-0006,48,642012059563901,1,1,1,25
Grupo-0006,49,899884536554788,1,1,1,25
Grupo-0006,49,642012059563901,0,1,0,25
Grupo-0006,50,899884536554788,0,1,0,25
Grupo-0006,50,642012059563901,1,1,1,25
Grupo-0007,1,958455151560277,1,1,1,9
Grupo-0007,1,381015246378985,0,1,0,0
Grupo-0007,2,381015246378985,1,1,1,0
Grupo-0007,2,958455151560277,0,1,0,9
Grupo-0007,3,381015246378985,1,2,-1,0
Grupo-0007,3,958455151560277,1,2,-1,9
Grupo-0007,4,958455151560277,1,2,-1,9
Grupo-0007,4,381015246378985,1,2,-1,0
Grupo-0007,5,381015246378985,0,0,0,0
Grupo-0007,5,958455151560277,0,0,0,9
Grupo-0007,6,381015246378985,0,0,0,0
Grupo-0007,6,958455151560277,0,0,0,9
Grupo-0007,7,381015246378985,0,0,0,0
Grupo-0007,7,958455151560277,0,0,0,9
Grupo-0007,8,958455151560277,1,2,-1,9
Grupo-0007,8,381015246378985,1,2,-1,0
Grupo-0007,9,381015246378985,0,1,0,0
Grupo-0007,9,958455151560277,1,1,1,9
Grupo-0007,10,381015246378985,0,1,0,0
Grupo-0007,10,958455151560277,1,1,1,9
Grupo-0007,11,958455151560277,1,1,1,9
Grupo-0007,11,381015246378985,0,1,0,0
Grupo-0007,12,381015246378985,1,2,-1,0
Grupo-0007,12,958455151560277,1,2,-1,9
Grupo-0007,13,381015246378985,0,0,0,0
Grupo-0007,13,958455151560277,0,0,0,9
Grupo-0007,14,381015246378985,0,0,0,0
Grupo-0007,14,958455151560277,0,0,0,9
Grupo-0007,15,381015246378985,0,0,0,0
Grupo-0007,15,958455151560277,0,0,0,9
Grupo-0007,16,381015246378985,0,0,0,0
Grupo-0007,16,958455151560277,0,0,0,9
Grupo-0007,17,958455151560277,1,1,1,9
Grupo-0007,17,381015246378985,0,1,0,0
Grupo-0007,18,958455151560277,1,1,1,9
Grupo-0007,18,381015246378985,0,1,0,0
Grupo-0007,19,381015246378985,0,1,0,0
Grupo-0007,19,958455151560277,1,1,1,9
Grupo-0007,20,381015246378985,0,1,0,0
Grupo-0007,20,958455151560277,1,1,1,9
Grupo-0007,21,381015246378985,1,1,1,0
Grupo-0007,21,958455151560277,0,1,0,9
Grupo-0007,22,381015246378985,1,1,1,0
Grupo-0007,22,958455151560277,0,1,0,9
Grupo-0007,23,381015246378985,1,1,1,0
Grupo-0007,23,958455151560277,0,1,0,9
Grupo-0007,24,958455151560277,0,1,0,9
Grupo-0007,24,381015246378985,1,1,1,0
Grupo-0007,25,381015246378985,1,2,-1,0
Grupo-0007,25,958455151560277,1,2,-1,9
Grupo-0007,26,381015246378985,0,1,0,0
Grupo-0007,26,958455151560277,1,1,1,9
Grupo-0007,27,381015246378985,0,1,0,0
Grupo-0007,27,958455151560277,1,1,1,9
Grupo-0007,28,958455151560277,1,2,-1,9
Grupo-0007,28,381015246378985,1,2,-1,0
Grupo-0007,29,381015246378985,0,0,0,0
Grupo-0007,29,958455151560277,0,0,0,9
Grupo-0007,30,381015246378985,0,0,0,0
Grupo-0007,30,958455151560277,0,0,0,9
Grupo-0007,31,381015246378985,1,2,-1,0
Grupo-0007,31,958455151560277,1,2,-1,9
Grupo-0007,32,381015246378985,0,1,0,0
Grupo-0007,32,958455151560277,1,1,1,9
Grupo-0007,33,381015246378985,0,1,0,0
Grupo-0007,33,958455151560277,1,1,1,9
Grupo-0007,34,381015246378985,0,1,0,0
Grupo-0007,34,958455151560277,1,1,1,9
Grupo-0007,35,381015246378985,0,0,0,0
Grupo-0007,35,958455151560277,0,0,0,9
Grupo-0007,36,381015246378985,1,1,1,0
Grupo-0007,36,958455151560277,0,1,0,9
Grupo-0007,37,381015246378985,1,1,1,0
Grupo-0007,37,958455151560277,0,1,0,9
Grupo-0007,38,381015246378985,0,1,0,0
Grupo-0007,38,958455151560277,1,1,1,9
Grupo-0007,39,958455151560277,1,2,-1,9
Grupo-0007,39,381015246378985,1,2,-1,0
Grupo-0007,40,958455151560277,1,1,1,9
Grupo-0007,40,381015246378985,0,1,0,0
Grupo-0007,41,958455151560277,1,1,1,9
Grupo-0007,41,381015246378985,0,1,0,0
Grupo-0007,42,381015246378985,0,1,0,0
Grupo-0007,42,958455151560277,1,1,1,9
Grupo-0007,43,958455151560277,0,1,0,9
Grupo-0007,43,381015246378985,1,1,1,0
Grupo-0007,44,381015246378985,0,0,0,0
Grupo-0007,44,958455151560277,0,0,0,9
Grupo-0007,45,381015246378985,1,1,1,0
Grupo-0007,45,958455151560277,0,1,0,9
Grupo-0007,46,958455151560277,1,1,1,9
Grupo-0007,46,381015246378985,0,1,0,0
Grupo-0007,47,381015246378985,1,2,-1,0
Grupo-0007,47,958455151560277,1,2,-1,9
Grupo-0007,48,958455151560277,1,2,-1,9
Grupo-0007,48,381015246378985,1,2,-1,0
Grupo-0007,49,381015246378985,0,1,0,0
Grupo-0007,49,958455151560277,1,1,1,9
Grupo-0007,50,958455151560277,0,1,0,9
Grupo-0007,50,381015246378985,1,1,1,0
Grupo-0008,1,583326773478798,1,1,1,13
Grupo-0008,1,266424456379660,0,1,0,14
Grupo-0008,2,583326773478798,0,1,0,13
Grupo-0008,2,266424456379660,1,1,1,14
Grupo-0008,3,583326773478798,1,2,-1,13
Grupo-0008,3,266424456379660,1,2,-1,14
Grupo-0008,4,266424456379660,1,1,1,14
Grupo-0008,4,583326773478798,0,1,0,13
Grupo-0008,5,583326773478798,1,1,1,13
Grupo-0008,5,266424456379660,0,1,0,14
Grupo-0008,6,583326773478798,0,1,0,13
Grupo-0008,6,266424456379660,1,1,1,14
Grupo-0008,7,583326773478798,1,2,-1,13
Grupo-0008,7,266424456379660,1,2,-1,14
Grupo-0008,8,583326773478798,0,0,0,13
Grupo-0008,8,266424456379660,0,0,0,14
Grupo-0008,9,583326773478798,1,2,-1,13
Grupo-0008,9,266424456379660,1,2,-1,14
Grupo-0008,10,583326773478798,1,2,-1,13
Grupo-0008,10,266424456379660,1,2,-1,14
Grupo-0008,11,266424456379660,0,1,0,14
Grupo-0008,11,583326773478798,1,1,1,13
Grupo-0008,12,583326773478798,0,1,0,13
Grupo-0008,12,266424456379660,1,1,1,14
Grupo-0008,13,583326773478798,1,1,1,13
Grupo-0008,13,266424456379660,0,1,0,14
Grupo-0008,14,583326773478798,0,1,0,13
Grupo-0008,14,266424456379660,1,1,1,14
Grupo-0008,15,583326773478798,1,1,1,13
Grupo-0008,15,266424456379660,0,1,0,14
Grupo-0008,16,266424456379660,1,1,1,14
Grupo-0008,16,583326773478798,0,1,0,13
Grupo-0008,17,583326773478798,1,1,1,13
Grupo-0008,17,266424456379660,0,1,0,14
Grupo-0008,18,266424456379660,1,1,1,14
Grupo-0008,18,583326773478798,0,1,0,13
Grupo-0008,19,583326773478798,1,1,1,13
Grupo-0008,19,266424456379660,0,1,0,14
Grupo-0008,20,266424456379660,1,1,1,14
Grupo-0008,20,583326773478798,0,1,0,13
Grupo-0008,21,583326773478798,1,1,1,13
Grupo-0008,21,266424456379660,0,1,0,14
Grupo-0008,22,583326773478798,0,1,0,13
Grupo-0008,22,266424456379660,1,1,1,14
Grupo-0008,23,583326773478798,1,2,-1,13
Grupo-0008,23,266424456379660,1,2,-1,14
Grupo-0008,24,583326773478798,0,0,0,13
Grupo-0008,24,266424456379660,0,0,0,14
Grupo-0008,25,583326773478798,1,1,1,13
Grupo-0008,25,266424456379660,0,1,0,14
Grupo-0008,26,583326773478798,0,1,0,13
Grupo-0008,26,266424456379660,1,1,1,14
Grupo-0008,27,583326773478798,1,1,1,13
Grupo-0008,27,266424456379660,0,1,0,14
Grupo-0008,28,583326773478798,0,1,0,13
Grupo-0008,28,266424456379660,1,1,1,14
Grupo-0008,29,583326773478798,1,1,1,13
Grupo-0008,29,266424456379660,0,1,0,14
Grupo-0008,30,583326773478798,0,1,0,13
Grupo-0008,30,266424456379660,1,1,1,14
Grupo-0008,31,583326773478798,1,1,1,13
Grupo-0008,31,266424456379660,0,1,0,14
Grupo-0008,32,583326773478798,0,1,0,13
Grupo-0008,32,266424456379660,1,1,1,14
Grupo-0008,33,583326773478798,1,1,1,13
Grupo-0008,33,266424456379660,0,1,0,14
Grupo-0008,34,583326773478798,0,1,0,13
Grupo-0008,34,266424456379660,1,1,1,14
Grupo-0008,35,583326773478798,1,1,1,13
Grupo-0008,35,266424456379660,0,1,0,14
Grupo-0008,36,266424456379660,1,1,1,14
Grupo-0008,36,583326773478798,0,1,0,13
Grupo-0008,37,583326773478798,1,1,1,13
Grupo-0008,37,266424456379660,0,1,0,14
Grupo-0008,38,583326773478798,0,1,0,13
Grupo-0008,38,266424456379660,1,1,1,14
Grupo-0008,39,583326773478798,1,1,1,13
Grupo-0008,39,266424456379660,0,1,0,14
Grupo-0008,40,583326773478798,0,1,0,13
Grupo-0008,40,266424456379660,1,1,1,14
Grupo-0008,41,583326773478798,1,2,-1,13
Grupo-0008,41,266424456379660,1,2,-1,14
Grupo-0008,42,583326773478798,1,2,-1,13
Grupo-0008,42,266424456379660,1,2,-1,14
Grupo-0008,43,266424456379660,0,1,0,14
Grupo-0008,43,583326773478798,1,1,1,13
Grupo-0008,44,583326773478798,0,1,0,13
Grupo-0008,44,266424456379660,1,1,1,14
Grupo-0008,45,583326773478798,1,1,1,13
Grupo-0008,45,266424456379660,0,1,0,14
Grupo-0008,46,583326773478798,0,1,0,13
Grupo-0008,46,266424456379660,1,1,1,14
Grupo-0008,47,583326773478798,1,1,1,13
Grupo-0008,47,266424456379660,0,1,0,14
Grupo-0008,48,583326773478798,0,1,0,13
Grupo-0008,48,266424456379660,1,1,1,14
Grupo-0008,49,583326773478798,1,1,1,13
Grupo-0008,49,266424456379660,0,1,0,14
Grupo-0008,50,583326773478798,0,1,0,13
Grupo-0008,50,266424456379660,1,1,1,14
Grupo-0009,1,570268857667366,1,2,-1,11
Grupo-0009,1,392322336340966,1,2,-1,10
Grupo-0009,2,570268857667366,0,1,0,11
Grupo-0009,2,392322336340966,1,1,1,10
Grupo-0009,3,570268857667366,1,1,1,11
Grupo-0009,3,392322336340966,0,1,0,10
Grupo-0009,4,392322336340966,1,1,1,10
Grupo-0009,4,570268857667366,0,1,0,11
Grupo-0009,5,570268857667366,1,2,-1,11
Grupo-0009,5,392322336340966,1,2,-1,10
Grupo-0009,6,570268857667366,1,2,-1,11
Grupo-0009,6,392322336340966,1,2,-1,10
Grupo-0009,7,392322336340966,0,1,0,10
Grupo-0009,7,570268857667366,1,1,1,11
Grupo-0009,8,570268857667366,0,1,0,11
Grupo-0009,8,392322336340966,1,1,1,10
Grupo-0009,9,570268857667366,1,1,1,11
Grupo-0009,9,392322336340966,0,1,0,10
Grupo-0009,10,570268857667366,0,1,0,11
Grupo-0009,10,392322336340966,1,1,1,10
Grupo-0009,11,570268857667366,1,2,-1,11
Grupo-0009,11,392322336340966,1,2,-1,10
Grupo-0009,12,392322336340966,1,2,-1,10
Grupo-0009,12,570268857667366,1,2,-1,11
Grupo-0009,13,392322336340966,0,1,0,10
Grupo-0009,13,570268857667366,1,1,1,11
Grupo-0009,14,392322336340966,1,2,-1,10
Grupo-0009,14,570268857667366,1,2,-1,11
Grupo-0009,15,570268857667366,0,0,0,11
Grupo-0009,15,392322336340966,0,0,0,10
Grupo-0009,16,392322336340966,1,2,-1,10
Grupo-0009,16,570268857667366,1,2,-1,11
Grupo-0009,17,570268857667366,1,2,-1,11
Grupo-0009,17,392322336340966,1,2,-1,10
Grupo-0009,18,570268857667366,1,2,-1,11
Grupo-0009,18,392322336340966,1,2,-1,10
Grupo-0009,19,570268857667366,1,1,1,11
Grupo-0009,19,392322336340966,0,1,0,10
Grupo-0009,20,570268857667366,0,1,0,11
Grupo-0009,20,392322336340966,1,1,1,10
Grupo-0009,21,570268857667366,1,1,1,11
Grupo-0009,21,392322336340966,0,1,0,10
Grupo-0009,22,392322336340966,1,1,1,10
Grupo-0009,22,570268857667366,0,1,0,11
Grupo-0009,23,570268857667366,1,1,1,11
Grupo-0009,23,392322336340966,0,1,0,10
Grupo-0009,24,392322336340966,1,1,1,10
Grupo-0009,24,570268857667366,0,1,0,11
Grupo-0009,25,392322336340966,0,1,0,10
Grupo-0009,25,570268857667366,1,1,1,11
Grupo-0009,26,392322336340966,1,1,1,10
Grupo-0009,26,570268857667366,0,1,0,11
Grupo-0009,27,570268857667366,1,1,1,11
Grupo-0009,27,392322336340966,0,1,0,10
Grupo-0009,28,392322336340966,1,1,1,10
Grupo-0009,28,570268857667366,0,1,0,11
Grupo-0009,29,570268857667366,1,1,1,11
Grupo-0009,29,392322336340966,0,1,0,10
Grupo-0009,30,392322336340966,1,1,1,10
Grupo-0009,30,570268857667366,0,1,0,11
Grupo-0009,31,570268857667366,1,1,1,11
Grupo-0009,31,392322336340966,0,1,0,10
Grupo-0009,32,392322336340966,1,1,1,10
Grupo-0009,32,570268857667366,0,1,0,11
Grupo-0009,33,570268857667366,1,1,1,11
Grupo-0009,33,392322336340966,0,1,0,10
Grupo-0009,34,392322336340966,1,1,1,10
Grupo-0009,34,570268857667366,0,1,0,11
Grupo-0009,35,392322336340966,0,1,0,10
Grupo-0009,35,570268857667366,1,1,1,11
Grupo-0009,36,570268857667366,0,1,0,11
Grupo-0009,36,392322336340966,1,1,1,10
Grupo-0009,37,570268857667366,1,1,1,11
Grupo-0009,37,392322336340966,0,1,0,10
Grupo-0009,38,570268857667366,0,1,0,11
Grupo-0009,38,392322336340966,1,1,1,10
Grupo-0009,39,392322336340966,0,1,0,10
Grupo-0009,39,570268857667366,1,1,1,11
Grupo-0009,40,392322336340966,1,1,1,10
Grupo-0009,40,570268857667366,0,1,0,11
Grupo-0009,41,570268857667366,1,1,1,11
Grupo-0009,41,392322336340966,0,1,0,10
Grupo-0009,42,392322336340966,0,0,0,10
Grupo-0009,42,570268857667366,0,0,0,11
Grupo-0009,43,570268857667366,1,1,1,11
Grupo-0009,43,392322336340966,0,1,0,10
Grupo-0009,44,392322336340966,1,1,1,10
Grupo-0009,44,570268857667366,0,1,0,11
Grupo-0009,45,392322336340966,0,1,0,10
Grupo-0009,45,570268857667366,1,1,1,11
Grupo-0009,46,392322336340966,1,1,1,10
Grupo-0009,46,570268857667366,0,1,0,11
Grupo-0009,47,392322336340966,0,1,0,10
Grupo-0009,47,570268857667366,1,1,1,11
Grupo-0009,48,392322336340966,1,1,1,10
Grupo-0009,48,570268857667366,0,1,0,11
Grupo-0009,49,392322336340966,0,1,0,10
Grupo-0009,49,570268857667366,1,1,1,11
Grupo-0009,50,392322336340966,1,1,1,10
Grupo-0009,50,570268857667366,0,1,0,11
Grupo-0010,1,483679535028663,1,2,-1,-14
Grupo-0010,1,806436351352675,1,2,-1,1
Grupo-0010,2,806436351352675,1,1,1,1
Grupo-0010,2,483679535028663,0,1,0,-14
Grupo-0010,3,806436351352675,1,2,-1,1
Grupo-0010,3,483679535028663,1,2,-1,-14
Grupo-0010,4,806436351352675,1,1,1,1
Grupo-0010,4,483679535028663,0,1,0,-14
Grupo-0010,5,806436351352675,1,1,1,1
Grupo-0010,5,483679535028663,0,1,0,-14
Grupo-0010,6,806436351352675,1,2,-1,1
Grupo-0010,6,483679535028663,1,2,-1,-14
Grupo-0010,7,806436351352675,0,1,0,1
Grupo-0010,7,483679535028663,1,1,1,-14
Grupo-0010,8,483679535028663,1,2,-1,-14
Grupo-0010,8,806436351352675,1,2,-1,1
Grupo-0010,9,483679535028663,0,1,0,-14
Grupo-0010,9,806436351352675,1,1,1,1
Grupo-0010,10,806436351352675,1,2,-1,1
Grupo-0010,10,483679535028663,1,2,-1,-14
Grupo-0010,11,806436351352675,1,1,1,1
Grupo-0010,11,483679535028663,0,1,0,-14
Grupo-0010,12,806436351352675,0,0,0,1
Grupo-0010,12,483679535028663,0,0,0,-14
Grupo-0010,13,806436351352675,1,2,-1,1
Grupo-0010,13,483679535028663,1,2,-1,-14
Grupo-0010,14,806436351352675,1,2,-1,1
Grupo-0010,14,483679535028663,1,2,-1,-14
Grupo-0010,15,806436351352675,1,1,1,1
Grupo-0010,15,483679535028663,0,1,0,-14
Grupo-0010,16,483679535028663,0,1,0,-14
Grupo-0010,16,806436351352675,1,1,1,1
Grupo-0010,17,806436351352675,0,1,0,1
Grupo-0010,17,483679535028663,1,1,1,-14
Grupo-0010,18,806436351352675,0,0,0,1
Grupo-0010,18,483679535028663,0,0,0,-14
Grupo-0010,19,806436351352675,1,2,-1,1
Grupo-0010,19,483679535028663,1,2,-1,-14
Grupo-0010,20,806436351352675,1,2,-1,1
Grupo-0010,20,483679535028663,1,2,-1,-14
Grupo-0010,21,483679535028663,0,1,0,-14
Grupo-0010,21,806436351352675,1,1,1,1
Grupo-0010,22,806436351352675,1,2,-1,1
Grupo-0010,22,483679535028663,1,2,-1,-14
Grupo-0010,23,806436351352675,1,1,1,1
Grupo-0010,23,483679535028663,0,1,0,-14
Grupo-0010,24,483679535028663,0,1,0,-14
Grupo-0010,24,806436351352675,1,1,1,1
Grupo-0010,25,806436351352675,0,0,0,1
Grupo-0010,25,483679535028663,0,0,0,-14
Grupo-0010,26,483679535028663,1,1,1,-14
Grupo-0010,26,806436351352675,0,1,0,1
Grupo-0010,27,806436351352675,1,2,-1,1
Grupo-0010,27,483679535028663,1,2,-1,-14
Grupo-0010,28,483679535028663,0,1,0,-14
Grupo-0010,28,806436351352675,1,1,1,1
Grupo-0010,29,483679535028663,1,2,-1,-14
Grupo-0010,29,806436351352675,1,2,-1,1
Grupo-0010,30,483679535028663,0,1,0,-14
Grupo-0010,30,806436351352675,1,1,1,1
Grupo-0010,31,806436351352675,0,0,0,1
Grupo-0010,31,483679535028663,0,0,0,-14
Grupo-0010,32,806436351352675,0,0,0,1
Grupo-0010,32,483679535028663,0,0,0,-14
Grupo-0010,33,806436351352675,0,1,0,1
Grupo-0010,33,483679535028663,1,1,1,-14
Grupo-0010,34,483679535028663,0,1,0,-14
Grupo-0010,34,806436351352675,1,1,1,1
Grupo-0010,35,806436351352675,1,1,1,1
Grupo-0010,35,483679535028663,0,1,0,-14
Grupo-0010,36,483679535028663,1,1,1,-14
Grupo-0010,36,806436351352675,0,1,0,1
Grupo-0010,37,806436351352675,1,2,-1,1
Grupo-0010,37,483679535028663,1,2,-1,-14
Grupo-0010,38,483679535028663,1,2,-1,-14
Grupo-0010,38,806436351352675,1,2,-1,1
Grupo-0010,39,483679535028663,1,2,-1,-14
Grupo-0010,39,806436351352675,1,2,-1,1
Grupo-0010,40,806436351352675,1,1,1,1
Grupo-0010,40,483679535028663,0,1,0,-14
Grupo-0010,41,806436351352675,1,2,-1,1
Grupo-0010,41,483679535028663,1,2,-1,-14
Grupo-0010,42,806436351352675,1,1,1,1
Grupo-0010,42,483679535028663,0,1,0,-14
Grupo-0010,43,483679535028663,0,0,0,-14
Grupo-0010,43,806436351352675,0,0,0,1
Grupo-0010,44,483679535028663,1,2,-1,-14
Grupo-0010,44,806436351352675,1,2,-1,1
Grupo-0010,45,483679535028663,0,1,0,-14
Grupo-0010,45,806436351352675,1,1,1,1
Grupo-0010,46,806436351352675,1,2,-1,1
Grupo-0010,46,483679535028663,1,2,-1,-14
Grupo-0010,47,806436351352675,1,1,1,1
Grupo-0010,47,483679535028663,0,1,0,-14
Grupo-0010,48,806436351352675,1,2,-1,1
Grupo-0010,48,483679535028663,1,2,-1,-14
Grupo-0010,49,483679535028663,0,1,0,-14
Grupo-0010,49,806436351352675,1,1,1,1
Grupo-0010,50,483679535028663,0,1,0,-14
Grupo-0010,50,806436351352675,1,1,1,1
